{
    "1": [
        [
            126.624,
            125.436,
            126.03728000000001,
            126.03821599999999,
            126.05295359999998
        ],
        [
            126.22028687634939,
            126.01066883447703,
            126.07135444039004,
            126.05603864065893,
            126.05966750896494
        ]
    ],
    "0": [
        [
            126.416,
            126.1016,
            126.05327999999999,
            126.106912,
            126.05487999999998
        ],
        [
            125.78002307594619,
            125.96395061753356,
            126.03101469543874,
            126.05773564165317,
            126.05900324420062
        ]
    ],
    "2": [
        [
            125.608,
            125.9656,
            126.02424000000002,
            126.01466400000001,
            126.07264160000003
        ],
        [
            126.19098519868763,
            126.07191398729417,
            126.05871842073961,
            126.05796575716944,
            126.05417455146937
        ]
    ],
    "3": [
        [
            124.944,
            125.7008,
            125.93688,
            126.06053600000001,
            126.0692136
        ],
        [
            125.83579859738198,
            126.19493719124529,
            126.10406626558564,
            126.05878270908705,
            126.0609928166462
        ]
    ],
    "4": [
        [
            126.016,
            126.2448,
            126.16704000000001,
            126.034144,
            126.0446976
        ],
        [
            125.85429611475267,
            125.89065059437829,
            126.07171589055797,
            126.03883861999779,
            126.05661212072847
        ]
    ],
    "5": [
        [
            128.112,
            125.5984,
            126.10648,
            126.014496,
            126.06060959999999
        ],
        [
            126.19507711412567,
            125.93534693284465,
            126.05790292808325,
            126.06153236846313,
            126.05762917212532
        ]
    ],
    "6": [
        [
            125.016,
            126.2856,
            126.03608,
            126.08339199999999,
            126.05781359999999
        ],
        [
            126.08321811249107,
            126.09976653276503,
            126.04434611861863,
            126.0669384931807,
            126.05700437905416
        ]
    ],
    "7": [
        [
            125.544,
            126.024,
            126.14544000000001,
            126.0474,
            126.0689672
        ],
        [
            126.15618742784449,
            126.00749962242381,
            126.0423532205442,
            126.06070026928217,
            126.05744725411948
        ]
    ],
    "8": [
        [
            125.816,
            126.1224,
            126.13272000000002,
            126.08440800000001,
            126.04755359999999
        ],
        [
            125.95366611571256,
            126.13351961454516,
            126.07814496142228,
            126.06240320142922,
            126.0547590421956
        ]
    ],
    "9": [
        [
            125.992,
            126.1616,
            125.86632,
            126.05184000000001,
            126.0654688
        ],
        [
            125.66278450291124,
            126.01138415026023,
            126.03911467736872,
            126.06904874654658,
            126.05843577847756
        ]
    ]
}